Epoch,Steps,Accuracy,Throughput
0,0,0.0390625,1.0535572412717518
0,250,0.875,59652.32355555556
1,0,0.890625,55131.53748202916
1,250,0.90625,60268.40053884149
