Epoch,Steps,Accuracy,Throughput
0,0,0.1328125,1.0370244469555527
0,250,0.703125,58732.185975276225
1,0,0.8515625,48371.10658617893
1,250,0.890625,59263.81631526659
