Epoch,Steps,Accuracy,Throughput
0,0,0.0546875,1.0851724291834932
0,250,0.90625,60904.244129325016
1,0,0.921875,55279.13014827018
1,250,0.9375,57229.60366698646
