Epoch,Steps,Accuracy,Throughput
0,0,0.15625,1.0334273537540364
0,250,0.0859375,58706.49666484418
1,0,0.0390625,50011.26334420121
1,250,0.0859375,60718.26645555304
